State,Year,bank_branches,cd_ratio_sanction,cd_ratio_utilisation,deposits_crore,credit_crore,hdi,health_index,income_index,education_index,wealth_index,poverty_rate,electricity_access,piped_water,avg_years_education,primary_attendance,secondary_attendance,fii_score,fii_tier,predicted_fii,fii_gap
Chandigarh,2004,221,105.3,107.0,10394,10941,0.723,0.831,0.657,0.693,60.46,27.46,100.0,53.96,5.66,93.18,93.2,0.3117019006525393,High,0.3284871612905666,-0.01678526063802732
Delhi,2004,1616,59.9,57.9,183001,109552,0.772,0.769,0.735,0.815,71.71000000000001,13.165000000000001,99.42,78.50999999999999,8.25,88.28999999999999,91.04499999999999,0.19952095996046149,Medium,0.2645826649771105,-0.06506170501664904
Haryana,2004,1640,47.6,59.6,30621,14576,0.643,0.736,0.618,0.585,56.370000000000005,39.78,94.745,51.235,5.48,85.94999999999999,89.33,0.1560033977246816,Medium,0.22204779052867746,-0.06604439280399585
Himachal Pradesh,2004,795,29.7,42.7,10972,3264,0.701,0.782,0.628,0.701,58.605000000000004,33.025,99.045,65.985,6.39,94.22999999999999,97.25,0.08265870623617763,Low,0.11282361518724826,-0.03016490895107063
Jammu & Kashmir,2004,856,37.4,41.7,14717,5505,0.635,0.745,0.596,0.575,53.565,45.795,96.45500000000001,49.114999999999995,5.55,81.755,91.83500000000001,0.0957233382595612,Low,0.13125030774755878,-0.03552696948799758
Punjab,2004,2693,43.1,45.7,61604,26554,0.674,0.748,0.662,0.618,63.879999999999995,25.974999999999998,97.765,52.795,6.109999999999999,85.88499999999999,89.075,0.14408508645044052,Medium,0.2401933456136442,-0.09610825916320367
Rajasthan,2004,3422,55.7,62.8,38819,21652,0.548,0.662,0.54,0.461,41.09,64.63,75.935,37.77,3.8,81.475,78.445,0.20108437159857506,Medium,0.2795004191832772,-0.07841604758470216
Arunachal Pradesh,2004,67,16.1,25.2,1068,172,0.58,0.676,0.563,0.513,51.915,48.73,87.65,63.88,5.6899999999999995,74.355,86.96000000000001,0.019191091255448246,Low,0.06028435775826299,-0.041093266502814745
Assam,2004,1256,31.8,35.7,14507,4612,0.578,0.683,0.489,0.58,33.665,76.68,50.15,6.055,5.8149999999999995,90.365,79.50999999999999,0.08153001231191699,Low,0.12638655607462834,-0.04485654376271135
Manipur,2004,78,31.6,31.8,758,239,0.661,0.761,0.538,0.705,51.025,51.095,93.47999999999999,39.32,8.705,76.305,95.91,0.056883045674486765,Low,0.0935179727430882,-0.03663492706860144
Meghalaya,2004,182,34.6,42.6,2758,953,0.577,0.688,0.526,0.531,49.17,49.915,84.655,50.769999999999996,6.025,66.435,84.705,0.08152108405260701,Low,0.08702097939074781,-0.005499895338140798
Mizoram,2004,79,34.8,39.7,716,249,0.691,0.765,0.622,0.692,68.42,24.095,96.175,68.175,7.595,86.83500000000001,94.66,0.07541022951253354,Low,0.10419203507443182,-0.028781805561898285
Nagaland,2004,71,15.0,15.2,1379,206,0.611,0.725,0.542,0.58,56.099999999999994,39.215,91.235,47.585,7.35,72.575,87.55,0.0009241529809042772,Low,0.07172708101574492,-0.07080292803484065
Tripura,2004,185,25.2,24.7,2389,602,0.614,0.72,0.522,0.615,38.61,75.155,79.175,17.14,5.9399999999999995,82.79499999999999,93.81,0.035829064037177845,Low,0.07910092591776358,-0.04327186188058573
Bihar,2004,3618,24.9,26.9,36001,8967,0.51,0.661,0.465,0.431,25.295,87.27,44.185,3.065,3.69,64.895,79.51,0.08993102250466009,Low,0.1251470317562281,-0.03521600925156801
Jharkhand,2004,1493,26.3,26.9,23985,6298,0.634,0.763,0.517,0.645,34.21,76.18,75.97,16.38,4.59,96.75,88.26,0.061917903679127896,Low,0.1036248489041713,-0.0417069452250434
Odisha,2004,2270,53.7,58.6,22653,12160,0.536,0.664,0.474,0.487,29.64,81.125,59.28,12.87,4.390000000000001,89.06,80.46000000000001,0.17239649849966748,Medium,0.19093017065046944,-0.018533672150801955
Sikkim,2004,49,22.4,23.0,1151,257,0.643,0.761,0.614,0.569,50.629999999999995,44.475,96.075,25.0,5.505,72.89,92.74000000000001,0.026194725219024117,Low,0.07676881745810048,-0.05057409223907636
West Bengal,2004,4581,49.5,53.8,96085,47599,0.59,0.73,0.519,0.541,35.77,72.82499999999999,64.67500000000001,20.65,4.984999999999999,85.07,82.1,0.19987279102161032,Medium,0.24830941590471706,-0.04843662488310674
Chhattisgarh,2004,1051,40.0,44.9,14610,5849,0.632,0.735,0.538,0.64,38.15,72.67,90.41,25.29,4.54,98.7,88.74,0.10815326837616272,Low,0.14409737685064067,-0.035944108474477945
Madhya Pradesh,2004,3521,46.9,50.1,44093,20656,0.54,0.635,0.507,0.488,33.51,76.275,77.15,19.98,4.165,81.995,84.75999999999999,0.16677887048242426,Medium,0.20510213291905594,-0.03832326243663167
Uttarakhand,2004,878,21.1,23.4,17869,3770,0.709,0.781,0.609,0.748,51.55,45.41,94.02,59.52,5.49,96.66,96.27,0.0379405548213413,Low,0.06991960054094981,-0.03197904571960851
Uttar Pradesh,2004,8367,33.1,38.0,119662,39619,0.545,0.637,0.505,0.503,32.2,77.77000000000001,50.22,10.37,4.425000000000001,78.39500000000001,82.005,0.19863458945073015,Medium,0.21486420708153944,-0.016229617630809295
Dadra & Nagar Haveli*,2004,12,15.6,118.8,330,51,0.78,0.815,0.649,0.895,59.12,23.92,100.0,53.0,8.1,100.0,94.68,0.17156857115513446,Medium,0.17104565787012965,0.0005229132850048113
Goa,2004,341,21.7,27.3,10494,2281,0.738,0.799,0.678,0.741,72.88499999999999,16.865000000000002,98.005,80.02000000000001,8.205,82.015,97.28,0.03718816265147039,Low,0.06566909844124022,-0.028480935789769832
Gujarat,2004,3767,42.2,54.8,84550,35713,0.626,0.702,0.61,0.574,54.230000000000004,41.129999999999995,92.66499999999999,69.53999999999999,5.5649999999999995,90.435,81.68,0.17541248296024883,Medium,0.26770100623199744,-0.09228852327174861
Maharashtra,2004,6565,81.8,66.5,318335,260323,0.66,0.751,0.598,0.642,51.83,45.245000000000005,89.47999999999999,66.97999999999999,6.4399999999999995,86.545,89.515,0.348720395850143,High,0.37548556327064153,-0.02676516742049856
Andhra Pradesh,2004,5400,65.9,70.9,84762,55851,0.57,0.699,0.546,0.484,45.595,55.975,93.215,48.480000000000004,4.06,87.41499999999999,83.785,0.26721882953621273,High,0.3240359998356512,-0.056817170299438446
Andhra Pradesh,2004,5400,65.9,70.9,84762,55851,0.71,0.796,0.659,0.682,45.595,55.975,93.215,48.480000000000004,4.06,87.41499999999999,83.785,0.26721882953621273,High,0.4143689239978866,-0.14715009446167387
Karnataka,2004,4992,63.1,69.0,93650,59139,0.615,0.722,0.567,0.569,48.620000000000005,50.285,92.335,52.54,5.175,83.135,86.785,0.25494740309138597,High,0.30194861070495466,-0.047001207613568685
Kerala,2004,3522,45.5,47.8,68122,30974,0.741,0.839,0.622,0.779,61.935,21.83,94.845,19.1,8.05,92.22,99.34,0.16409703207251528,Medium,0.22882968983334157,-0.06473265776082629
Puducherry,2004,84,34.5,42.6,2455,847,0.829,0.845,0.715,0.943,71.38,9.25,100.0,97.96,9.01,97.89,98.35,0.07997233561365304,Low,0.1348125262883529,-0.054840190674699876
Tamil Nadu,2004,4916,93.1,96.1,97406,90640,0.65,0.768,0.565,0.633,50.815,43.94,92.92,55.805,5.795,94.745,94.59,0.3540305729379942,High,0.34800878693814846,0.0060217859998457635
Chandigarh,2005,233,88.9,97.0,12408,11034,0.73,0.833,0.663,0.705,60.46,27.46,100.0,53.96,5.66,93.18,93.2,0.26736173576411093,High,0.32528523366864015,-0.05792349790452922
Delhi,2005,1712,62.4,62.5,223662,139662,0.777,0.776,0.737,0.82,71.71000000000001,13.165000000000001,99.42,78.50999999999999,8.25,88.28999999999999,91.04499999999999,0.22002300392595692,Medium,0.2689867981395503,-0.04896379421359337
Haryana,2005,1692,51.4,63.2,36753,18908,0.654,0.745,0.627,0.599,56.370000000000005,39.78,94.745,51.235,5.48,85.94999999999999,89.33,0.17026408244160962,Medium,0.22121280422995077,-0.050948721788341145
Himachal Pradesh,2005,807,36.3,50.9,12314,4474,0.715,0.787,0.641,0.725,58.605000000000004,33.025,99.045,65.985,6.39,94.22999999999999,97.25,0.10795482083746248,Low,0.11918277782208808,-0.0112279569846256
Jammu & Kashmir,2005,875,46.7,50.9,16673,7786,0.649,0.755,0.607,0.598,53.565,45.795,96.45500000000001,49.114999999999995,5.55,81.755,91.83500000000001,0.12759021689543465,Medium,0.13154304094700625,-0.003952824051571602
Punjab,2005,2764,50.1,49.7,65771,32935,0.684,0.756,0.672,0.63,63.879999999999995,25.974999999999998,97.765,52.795,6.109999999999999,85.88499999999999,89.075,0.16480680365938472,Medium,0.2424968637091535,-0.07769006004976878
Rajasthan,2005,3481,68.7,76.5,42823,29412,0.559,0.672,0.548,0.474,41.09,64.63,75.935,37.77,3.8,81.475,78.445,0.24808099198903952,Medium,0.28278702831721697,-0.03470603632817745
Arunachal Pradesh,2005,68,22.0,30.0,1198,263,0.588,0.675,0.578,0.522,51.915,48.73,87.65,63.88,5.6899999999999995,74.355,86.96000000000001,0.037292410995361076,Low,0.0589465512603703,-0.021654140265009225
Assam,2005,1272,35.3,41.9,17782,6271,0.589,0.681,0.499,0.602,33.665,76.68,50.15,6.055,5.8149999999999995,90.365,79.50999999999999,0.09848810306226657,Low,0.12081357098228054,-0.02232546792001397
Manipur,2005,78,42.4,42.6,997,422,0.672,0.768,0.548,0.721,51.025,51.095,93.47999999999999,39.32,8.705,76.305,95.91,0.0933091360076835,Low,0.09346732061609758,-0.00015818460841408866
Meghalaya,2005,185,43.6,85.7,3065,1337,0.592,0.705,0.542,0.543,49.17,49.915,84.655,50.769999999999996,6.025,66.435,84.705,0.16808476839673697,Medium,0.0897055376181043,0.07837923077863267
Mizoram,2005,80,47.8,59.1,789,377,0.707,0.771,0.643,0.712,68.42,24.095,96.175,68.175,7.595,86.83500000000001,94.66,0.12977375007518055,Medium,0.11693526902504547,0.012838481050135075
Nagaland,2005,73,22.9,23.2,1313,300,0.621,0.727,0.556,0.591,56.099999999999994,39.215,91.235,47.585,7.35,72.575,87.55,0.027732895309622613,Low,0.07031561032959578,-0.04258271501997317
Tripura,2005,186,28.6,29.0,2658,761,0.622,0.721,0.531,0.627,38.61,75.155,79.175,17.14,5.9399999999999995,82.79499999999999,93.81,0.04882187877287546,Low,0.0783057194682938,-0.029483840695418345
Bihar,2005,3646,27.7,31.4,41007,11379,0.519,0.667,0.473,0.442,25.295,87.27,44.185,3.065,3.69,64.895,79.51,0.1033017301944436,Low,0.1251470317562281,-0.021845301561784505
Jharkhand,2005,1511,29.6,30.6,27473,8128,0.64,0.765,0.523,0.657,34.21,76.18,75.97,16.38,4.59,96.75,88.26,0.07448326184116606,Low,0.09881994581300008,-0.024336683971834014
Odisha,2005,2305,61.8,74.7,26619,16442,0.545,0.672,0.483,0.498,29.64,81.125,59.28,12.87,4.390000000000001,89.06,80.46000000000001,0.2141900999143614,Medium,0.19111405458057062,0.023076045333790762
Sikkim,2005,55,29.5,29.3,1264,373,0.655,0.777,0.62,0.583,50.629999999999995,44.475,96.075,25.0,5.505,72.89,92.74000000000001,0.04890154427316539,Low,0.08212356363596221,-0.03322201936279682
West Bengal,2005,4661,52.3,56.8,111919,58575,0.599,0.735,0.526,0.555,35.77,72.82499999999999,64.67500000000001,20.65,4.984999999999999,85.07,82.1,0.21349080463520367,Medium,0.24914717207263887,-0.035656367437435194
Chhattisgarh,2005,1063,43.6,49.9,16546,7211,0.639,0.737,0.544,0.652,38.15,72.67,90.41,25.29,4.54,98.7,88.74,0.12308919250514039,Medium,0.14197431648859352,-0.018885123983453128
Madhya Pradesh,2005,3560,54.7,61.2,47951,26209,0.55,0.646,0.512,0.503,33.51,76.275,77.15,19.98,4.165,81.995,84.75999999999999,0.20000864694422565,Medium,0.20756183306718012,-0.0075531861229544695
Uttarakhand,2005,898,24.3,29.1,19649,4782,0.716,0.783,0.615,0.761,51.55,45.41,94.02,59.52,5.49,96.66,96.27,0.05339483987192609,Low,0.0694587125418678,-0.016063872669941713
Uttar Pradesh,2005,8475,37.9,42.2,135360,51345,0.555,0.644,0.513,0.517,32.2,77.77000000000001,50.22,10.37,4.425000000000001,78.39500000000001,82.005,0.21812359429530886,Medium,0.22227741862192424,-0.004153824326615374
Dadra & Nagar Haveli*,2005,12,34.8,110.8,365,127,0.787,0.817,0.656,0.91,59.12,23.92,100.0,53.0,8.1,100.0,94.68,0.1914865795193213,Medium,0.17356436315104257,0.01792221636827873
Goa,2005,351,25.1,30.3,11624,2916,0.753,0.808,0.693,0.762,72.88499999999999,16.865000000000002,98.005,80.02000000000001,8.205,82.015,97.28,0.04830082357012787,Low,0.07352286551321935,-0.02522204194309148
Gujarat,2005,3807,46.5,60.9,97688,45390,0.638,0.708,0.621,0.59,54.230000000000004,41.129999999999995,92.66499999999999,69.53999999999999,5.5649999999999995,90.435,81.68,0.19576400316918272,Medium,0.2676594080254039,-0.07189540485622117
Maharashtra,2005,6708,94.9,75.9,382209,362771,0.672,0.758,0.606,0.661,51.83,45.245000000000005,89.47999999999999,66.97999999999999,6.4399999999999995,86.545,89.515,0.40625698052496606,High,0.3991582250236524,0.007098755501313669
Andhra Pradesh,2005,5519,74.8,83.3,98225,73462,0.582,0.705,0.558,0.501,45.595,55.975,93.215,48.480000000000004,4.06,87.41499999999999,83.785,0.3078444389479991,High,0.3300011403821083,-0.022156701434109194
Andhra Pradesh,2005,5519,74.8,83.3,98225,73462,0.717,0.798,0.665,0.694,45.595,55.975,93.215,48.480000000000004,4.06,87.41499999999999,83.785,0.3078444389479991,High,0.41356295792254777,-0.10571851897454865
Karnataka,2005,5114,73.8,80.5,107683,79461,0.627,0.73,0.576,0.586,48.620000000000005,50.285,92.335,52.54,5.175,83.135,86.785,0.29758709774670866,High,0.31143824435255263,-0.013851146605843967
Kerala,2005,3609,54.6,57.5,69058,37737,0.76,0.844,0.649,0.802,61.935,21.83,94.845,19.1,8.05,92.22,99.34,0.19776038405011664,Medium,0.23061350163889727,-0.03285311758878062
Puducherry,2005,90,38.3,43.9,2810,1076,0.835,0.847,0.721,0.952,71.38,9.25,100.0,97.96,9.01,97.89,98.35,0.08880021713288118,Low,0.1365170103402143,-0.047716793207333116
Tamil Nadu,2005,5021,101.2,105.4,109585,110852,0.664,0.777,0.574,0.656,50.815,43.94,92.92,55.805,5.795,94.745,94.59,0.3881435206390585,High,0.3766547845530709,0.011488736085987605
Chandigarh,2006,244,76.8,85.8,18468,14184,0.737,0.834,0.669,0.717,60.46,27.46,100.0,53.96,5.66,93.18,93.2,0.22917468472290584,Medium,0.3249350162873422,-0.09576033156443639
Delhi,2006,1784,67.4,68.0,269754,181846,0.781,0.782,0.738,0.826,71.71000000000001,13.165000000000001,99.42,78.50999999999999,8.25,88.28999999999999,91.04499999999999,0.2478476825167283,Medium,0.28481787721789703,-0.03697019470116872
Haryana,2006,1764,57.4,69.6,49365,28329,0.665,0.754,0.637,0.612,56.370000000000005,39.78,94.745,51.235,5.48,85.94999999999999,89.33,0.19439387269792288,Medium,0.22446547840130865,-0.030071605703385768
Himachal Pradesh,2006,820,41.0,53.0,14050,5765,0.729,0.791,0.654,0.749,58.605000000000004,33.025,99.045,65.985,6.39,94.22999999999999,97.25,0.11999810651775944,Medium,0.12188459470787938,-0.0018864881901199393
Jammu & Kashmir,2006,873,47.2,52.7,19254,9093,0.664,0.765,0.618,0.62,53.565,45.795,96.45500000000001,49.114999999999995,5.55,81.755,91.83500000000001,0.13178527078407204,Medium,0.13269422220174337,-0.0009089514176713331
Punjab,2006,2824,56.8,56.3,72797,41320,0.694,0.763,0.682,0.641,63.879999999999995,25.974999999999998,97.765,52.795,6.109999999999999,85.88499999999999,89.075,0.18964368065949302,Medium,0.24632859295554993,-0.056684912296056905
Rajasthan,2006,3512,77.3,86.0,48900,37781,0.569,0.683,0.555,0.486,41.09,64.63,75.935,37.77,3.8,81.475,78.445,0.2804742073465048,High,0.2972727855472746,-0.016798578200769798
Arunachal Pradesh,2006,69,26.5,41.6,1441,382,0.597,0.675,0.593,0.531,51.915,48.73,87.65,63.88,5.6899999999999995,74.355,86.96000000000001,0.06418964849391824,Low,0.05943686527157771,0.004752783222340531
Assam,2006,1273,42.6,49.1,20746,8835,0.6,0.679,0.51,0.625,33.665,76.68,50.15,6.055,5.8149999999999995,90.365,79.50999999999999,0.12350275922072382,Medium,0.12074254864423495,0.0027602105764888696
Manipur,2006,78,50.1,51.8,1218,610,0.682,0.774,0.558,0.736,51.025,51.095,93.47999999999999,39.32,8.705,76.305,95.91,0.12176003195089528,Medium,0.09461378871673629,0.027146243234158998
Meghalaya,2006,189,48.1,113.9,3246,1562,0.607,0.721,0.559,0.554,49.17,49.915,84.655,50.769999999999996,6.025,66.435,84.705,0.22235350338879215,Medium,0.08140174066894373,0.1409517627198484
Mizoram,2006,80,51.2,53.7,966,494,0.722,0.778,0.663,0.731,68.42,24.095,96.175,68.175,7.595,86.83500000000001,94.66,0.12677218131626414,Medium,0.12617388701212395,0.0005982943041401845
Nagaland,2006,73,22.3,23.2,1971,440,0.63,0.729,0.57,0.602,56.099999999999994,39.215,91.235,47.585,7.35,72.575,87.55,0.026779553649528005,Low,0.05968474120355071,-0.032905187554022705
Tripura,2006,187,32.8,33.9,3447,1131,0.629,0.722,0.541,0.638,38.61,75.155,79.175,17.14,5.9399999999999995,82.79499999999999,93.81,0.06425491153198552,Low,0.0761806545320681,-0.011925743000082575
Bihar,2006,3647,30.3,40.0,45723,13865,0.527,0.672,0.481,0.453,25.295,87.27,44.185,3.065,3.69,64.895,79.51,0.12268861565313309,Medium,0.12466784391745314,-0.0019792282643200515
Jharkhand,2006,1525,31.2,31.6,31298,9758,0.647,0.766,0.528,0.668,34.21,76.18,75.97,16.38,4.59,96.75,88.26,0.07963243911611775,Low,0.09814474257985717,-0.018512303463739416
Odisha,2006,2333,66.0,78.7,32715,21605,0.554,0.68,0.492,0.509,29.64,81.125,59.28,12.87,4.390000000000001,89.06,80.46000000000001,0.22955906343718416,Medium,0.190885221054212,0.03867384238297217
Sikkim,2006,56,45.3,44.8,1308,593,0.667,0.793,0.627,0.596,50.629999999999995,44.475,96.075,25.0,5.505,72.89,92.74000000000001,0.10167598418341521,Low,0.09668030239291918,0.0049956817904960316
West Bengal,2006,4713,56.3,61.4,126035,70940,0.607,0.739,0.534,0.568,35.77,72.82499999999999,64.67500000000001,20.65,4.984999999999999,85.07,82.1,0.23141148438197182,Medium,0.2504694431189256,-0.01905795873695379
Chhattisgarh,2006,1061,45.5,52.5,20586,9365,0.645,0.738,0.55,0.663,38.15,72.67,90.41,25.29,4.54,98.7,88.74,0.13124970084726922,Medium,0.14226067807295512,-0.011010977225685892
Madhya Pradesh,2006,3563,60.5,67.2,55516,33603,0.56,0.657,0.517,0.518,33.51,76.275,77.15,19.98,4.165,81.995,84.75999999999999,0.22147533014952275,Medium,0.22517559916277524,-0.0037002690132524885
Uttarakhand,2006,918,25.8,30.9,23570,6090,0.723,0.785,0.621,0.774,51.55,45.41,94.02,59.52,5.49,96.66,96.27,0.05974445950993964,Low,0.06947138970343798,-0.009726930193498344
Uttar Pradesh,2006,8562,41.0,46.3,152645,62585,0.565,0.651,0.523,0.531,32.2,77.77000000000001,50.22,10.37,4.425000000000001,78.39500000000001,82.005,0.2343365114450909,Medium,0.2504139290184125,-0.016077417573321567
Dadra & Nagar Haveli*,2006,12,49.3,136.7,436,215,0.795,0.819,0.662,0.925,59.12,23.92,100.0,53.0,8.1,100.0,94.68,0.25911545571170025,High,0.18233316271447264,0.07678229299722761
Goa,2006,357,23.2,27.6,15892,3690,0.768,0.817,0.708,0.782,72.88499999999999,16.865000000000002,98.005,80.02000000000001,8.205,82.015,97.28,0.04117087375066531,Low,0.07507623090490056,-0.033905357154235254
Gujarat,2006,3840,55.6,75.3,105120,58462,0.649,0.715,0.632,0.606,54.230000000000004,41.129999999999995,92.66499999999999,69.53999999999999,5.5649999999999995,90.435,81.68,0.2377617191902725,Medium,0.26916879235017666,-0.03140707315990415
Maharashtra,2006,6771,102.2,81.3,486022,496908,0.684,0.766,0.615,0.68,51.83,45.245000000000005,89.47999999999999,66.97999999999999,6.4399999999999995,86.545,89.515,0.4535459413485493,High,0.4064188204172752,0.047127120931274136
Andhra Pradesh,2006,5578,81.3,86.2,117198,95337,0.595,0.711,0.57,0.519,45.595,55.975,93.215,48.480000000000004,4.06,87.41499999999999,83.785,0.328892027958284,High,0.3381680004428648,-0.009275972484580841
Andhra Pradesh,2006,5578,81.3,86.2,117198,95337,0.724,0.8,0.671,0.706,45.595,55.975,93.215,48.480000000000004,4.06,87.41499999999999,83.785,0.328892027958284,High,0.4533755930617659,-0.12448356510348191
Karnataka,2006,5176,75.9,93.4,133376,101258,0.639,0.737,0.586,0.604,48.620000000000005,50.285,92.335,52.54,5.175,83.135,86.785,0.328210773332739,High,0.32311082289233,0.005099950440409007
Kerala,2006,3668,61.4,64.3,80435,49391,0.78,0.849,0.677,0.825,61.935,21.83,94.845,19.1,8.05,92.22,99.34,0.22387311297049367,Medium,0.24058407903837445,-0.016710966067880778
Puducherry,2006,92,45.0,48.7,3185,1433,0.84,0.849,0.728,0.961,71.38,9.25,100.0,97.96,9.01,97.89,98.35,0.10834664945650019,Low,0.142631945818469,-0.03428529636196881
Tamil Nadu,2006,5074,110.5,109.3,132700,146613,0.678,0.786,0.584,0.679,50.815,43.94,92.92,55.805,5.795,94.745,94.59,0.4175122561328733,High,0.3965598366487809,0.020952419484092377
Chandigarh,2007,261,95.9,101.1,19792,18974,0.734,0.833,0.673,0.705,60.46,27.46,100.0,53.96,5.66,93.18,93.2,0.28815070051255254,High,0.3311445628968956,-0.04299386238434305
Delhi,2007,1902,70.8,69.6,336067,238054,0.787,0.785,0.742,0.837,71.71000000000001,13.165000000000001,99.42,78.50999999999999,8.25,88.28999999999999,91.04499999999999,0.27065679463772696,High,0.29068273425865265,-0.020025939620925692
Haryana,2007,1868,56.9,68.4,60764,34595,0.676,0.758,0.647,0.63,56.370000000000005,39.78,94.745,51.235,5.48,85.94999999999999,89.33,0.19478595695327175,Medium,0.22667249522957678,-0.031886538276305026
Himachal Pradesh,2007,861,42.8,51.1,16832,7200,0.734,0.791,0.662,0.753,58.605000000000004,33.025,99.045,65.985,6.39,94.22999999999999,97.25,0.12096170005840998,Medium,0.12188459470787938,-0.0009228946494694024
Jammu & Kashmir,2007,894,62.5,60.9,22054,13785,0.678,0.769,0.629,0.644,53.565,45.795,96.45500000000001,49.114999999999995,5.55,81.755,91.83500000000001,0.1727172139558273,Medium,0.13480912566784223,0.03790808828798506
Punjab,2007,2962,65.6,65.3,84612,55490,0.705,0.767,0.691,0.662,63.879999999999995,25.974999999999998,97.765,52.795,6.109999999999999,85.88499999999999,89.075,0.2242187576928938,Medium,0.25349433132118565,-0.029275573628291862
Rajasthan,2007,3651,82.9,90.9,59259,49098,0.578,0.691,0.565,0.496,41.09,64.63,75.935,37.77,3.8,81.475,78.445,0.3023445716981924,High,0.30776602266605324,-0.005421450967860841
Arunachal Pradesh,2007,72,28.0,46.0,1741,488,0.628,0.688,0.61,0.591,51.915,48.73,87.65,63.88,5.6899999999999995,74.355,86.96000000000001,0.07409851192249448,Low,0.05978486515191264,0.014313646770581834
Assam,2007,1307,42.8,52.5,25581,10936,0.61,0.686,0.521,0.634,33.665,76.68,50.15,6.055,5.8149999999999995,90.365,79.50999999999999,0.13061458840541096,Medium,0.12048987879504189,0.01012470961036907
Manipur,2007,77,55.1,55.6,1396,769,0.707,0.778,0.585,0.776,51.025,51.095,93.47999999999999,39.32,8.705,76.305,95.91,0.1366498297105982,Medium,0.08248615920789719,0.054163670502701
Meghalaya,2007,192,35.7,41.2,3894,1390,0.63,0.728,0.582,0.592,49.17,49.915,84.655,50.769999999999996,6.025,66.435,84.705,0.0814076918653845,Low,0.06710788400901752,0.014299807856366989
Mizoram,2007,85,53.8,58.4,1216,654,0.737,0.776,0.686,0.751,68.42,24.095,96.175,68.175,7.595,86.83500000000001,94.66,0.1390980349769817,Medium,0.12364661675769559,0.015451418219286112
Nagaland,2007,78,29.1,31.9,2248,653,0.661,0.737,0.601,0.652,56.099999999999994,39.215,91.235,47.585,7.35,72.575,87.55,0.05293339416088537,Low,0.06219332852071616,-0.009259934359830788
Tripura,2007,192,35.3,36.2,3975,1403,0.643,0.731,0.551,0.66,38.61,75.155,79.175,17.14,5.9399999999999995,82.79499999999999,93.81,0.07249759185504151,Low,0.07503364605871024,-0.0025360542036687306
Bihar,2007,3685,32.4,49.0,56202,18193,0.538,0.68,0.487,0.471,25.295,87.27,44.185,3.065,3.69,64.895,79.51,0.14314711974145117,Medium,0.12466784391745314,0.018479275823998026
Jharkhand,2007,1571,32.8,33.3,36938,12111,0.643,0.765,0.532,0.655,34.21,76.18,75.97,16.38,4.59,96.75,88.26,0.08662813735264897,Low,0.09889440263100419,-0.012266265278355212
Odisha,2007,2431,64.6,72.6,41507,26794,0.565,0.687,0.502,0.523,29.64,81.125,59.28,12.87,4.390000000000001,89.06,80.46000000000001,0.2198778705341926,Medium,0.19118363369816876,0.028694236836023845
Sikkim,2007,61,52.8,51.2,1567,827,0.678,0.796,0.63,0.621,50.629999999999995,44.475,96.075,25.0,5.505,72.89,92.74000000000001,0.1252502050409434,Medium,0.0997351481329588,0.025515056907984585
West Bengal,2007,4818,64.7,68.4,151036,97704,0.616,0.745,0.541,0.579,35.77,72.82499999999999,64.67500000000001,20.65,4.984999999999999,85.07,82.1,0.26423894699759787,High,0.2539977055338375,0.010241241463760375
Chhattisgarh,2007,1098,50.0,58.3,24408,12195,0.642,0.737,0.553,0.649,38.15,72.67,90.41,25.29,4.54,98.7,88.74,0.14974060503522219,Medium,0.14415745334365604,0.005583151691566146
Madhya Pradesh,2007,3643,61.8,64.6,65535,40508,0.569,0.664,0.526,0.528,33.51,76.275,77.15,19.98,4.165,81.995,84.75999999999999,0.22227084780766485,Medium,0.23638773261186194,-0.014116884804197094
Uttarakhand,2007,950,26.7,32.1,29397,7856,0.719,0.784,0.625,0.759,51.55,45.41,94.02,59.52,5.49,96.66,96.27,0.0644745175869306,Low,0.06962532275078746,-0.005150805163856867
Uttar Pradesh,2007,8803,45.1,50.4,181752,82024,0.573,0.656,0.527,0.543,32.2,77.77000000000001,50.22,10.37,4.425000000000001,78.39500000000001,82.005,0.25643589751793294,High,0.25304496054392367,0.003390936974009273
Dadra & Nagar Haveli*,2007,19,20.6,116.4,504,104,0.792,0.817,0.666,0.911,59.12,23.92,100.0,53.0,8.1,100.0,94.68,0.17634954910745432,Medium,0.17401296790491405,0.0023365812025402666
Goa,2007,374,26.2,30.0,17542,4602,0.785,0.82,0.724,0.814,72.88499999999999,16.865000000000002,98.005,80.02000000000001,8.205,82.015,97.28,0.05078386367158144,Low,0.07214346254038748,-0.021359598868806035
Gujarat,2007,3976,63.7,88.4,119989,76404,0.657,0.722,0.64,0.615,54.230000000000004,41.129999999999995,92.66499999999999,69.53999999999999,5.5649999999999995,90.435,81.68,0.2785680202790892,High,0.2714680006890022,0.007100019590087048
Maharashtra,2007,6965,96.8,76.5,654637,633785,0.695,0.771,0.624,0.697,51.83,45.245000000000005,89.47999999999999,66.97999999999999,6.4399999999999995,86.545,89.515,0.47064160364254437,High,0.41332126362029287,0.057320340022251504
Andhra Pradesh,2007,5765,87.3,91.2,141189,123320,0.607,0.717,0.583,0.534,45.595,55.975,93.215,48.480000000000004,4.06,87.41499999999999,83.785,0.3554442489323688,High,0.3480952668101611,0.007348982122207692
Andhra Pradesh,2007,5765,87.3,91.2,141189,123320,0.72,0.799,0.675,0.693,45.595,55.975,93.215,48.480000000000004,4.06,87.41499999999999,83.785,0.3554442489323688,High,0.4205920908733764,-0.06514784194100759
Karnataka,2007,5362,76.3,99.8,171229,130686,0.649,0.745,0.599,0.611,48.620000000000005,50.285,92.335,52.54,5.175,83.135,86.785,0.3489324490931954,High,0.3308884005989235,0.01804404849427188
Kerala,2007,3812,60.9,63.8,95657,58251,0.787,0.852,0.683,0.838,61.935,21.83,94.845,19.1,8.05,92.22,99.34,0.2266241487593299,Medium,0.2437997463452409,-0.017175597585911
Puducherry,2007,100,47.9,51.5,3919,1876,0.836,0.847,0.732,0.943,71.38,9.25,100.0,97.96,9.01,97.89,98.35,0.11818139248973263,Medium,0.14250386703372547,-0.024322474543992847
Tamil Nadu,2007,5299,114.5,118.6,162426,185921,0.689,0.791,0.602,0.689,50.815,43.94,92.92,55.805,5.795,94.745,94.59,0.45002416942060297,High,0.4134930637770326,0.03653110564357037
Chandigarh,2008,289,96.2,95.8,23270,22396,0.729,0.831,0.669,0.696,60.46,27.46,100.0,53.96,5.66,93.18,93.2,0.2810433565063832,High,0.3282490704913772,-0.04720571398499401
Delhi,2008,2097,66.9,64.4,428245,286520,0.791,0.789,0.737,0.85,71.71000000000001,13.165000000000001,99.42,78.50999999999999,8.25,88.28999999999999,91.04499999999999,0.2724459308365407,High,0.3007770616875949,-0.02833113085105421
Haryana,2008,2042,60.1,67.2,74473,44752,0.685,0.762,0.649,0.651,56.370000000000005,39.78,94.745,51.235,5.48,85.94999999999999,89.33,0.20316047419397595,Medium,0.22763126329921918,-0.024470789105243224
Himachal Pradesh,2008,905,43.4,51.3,19200,8328,0.736,0.792,0.662,0.76,58.605000000000004,33.025,99.045,65.985,6.39,94.22999999999999,97.25,0.12328123335210057,Medium,0.12190235382322298,0.001378879528877594
Jammu & Kashmir,2008,948,56.4,56.3,25126,14159,0.689,0.772,0.632,0.668,53.565,45.795,96.45500000000001,49.114999999999995,5.55,81.755,91.83500000000001,0.15571656445073573,Medium,0.13480477486648168,0.020911789584254048
Punjab,2008,3165,67.2,76.1,100111,67258,0.714,0.772,0.691,0.684,63.879999999999995,25.974999999999998,97.765,52.795,6.109999999999999,85.88499999999999,89.075,0.2503385646999987,Medium,0.2596874147216574,-0.009348850021658694
Rajasthan,2008,3879,82.4,100.0,72788,59942,0.586,0.699,0.567,0.508,41.09,64.63,75.935,37.77,3.8,81.475,78.445,0.3220933008606161,High,0.3118743730391547,0.010218927821461388
Arunachal Pradesh,2008,74,31.7,57.7,2575,817,0.656,0.701,0.618,0.652,51.915,48.73,87.65,63.88,5.6899999999999995,74.355,86.96000000000001,0.09987719005569283,Low,0.06330124723855199,0.03657594281714084
Assam,2008,1368,42.4,49.8,31051,13150,0.617,0.693,0.525,0.645,33.665,76.68,50.15,6.055,5.8149999999999995,90.365,79.50999999999999,0.12709448811693527,Medium,0.12022644702109726,0.0068680410958380095
Manipur,2008,76,48.4,50.3,1785,865,0.729,0.783,0.603,0.82,51.025,51.095,93.47999999999999,39.32,8.705,76.305,95.91,0.11641904947568538,Medium,0.08610325196010721,0.03031579751557817
Meghalaya,2008,194,33.2,41.1,4512,1497,0.652,0.735,0.597,0.631,49.17,49.915,84.655,50.769999999999996,6.025,66.435,84.705,0.07703637702889353,Low,0.06865768918712961,0.008378687841763918
Mizoram,2008,90,62.9,65.5,1376,865,0.749,0.775,0.701,0.773,68.42,24.095,96.175,68.175,7.595,86.83500000000001,94.66,0.16656847709349745,Medium,0.12335531483460789,0.04321316225888956
Nagaland,2008,81,34.0,43.9,2544,864,0.69,0.745,0.625,0.705,56.099999999999994,39.215,91.235,47.585,7.35,72.575,87.55,0.08122070235898005,Low,0.06318339884807102,0.018037303510909028
Tripura,2008,202,36.1,36.8,4636,1671,0.654,0.74,0.553,0.683,38.61,75.155,79.175,17.14,5.9399999999999995,82.79499999999999,93.81,0.07509419272934324,Low,0.0749596026955167,0.00013459003382654267
Bihar,2008,3770,28.2,45.0,67924,19156,0.547,0.688,0.486,0.489,25.295,87.27,44.185,3.065,3.69,64.895,79.51,0.13174697639210203,Medium,0.12478473740984143,0.006962238982260602
Jharkhand,2008,1662,35.3,40.2,43291,15300,0.638,0.763,0.529,0.645,34.21,76.18,75.97,16.38,4.59,96.75,88.26,0.10450899807896936,Low,0.10328617748035301,0.0012228205986163504
Odisha,2008,2586,56.3,62.4,53878,30319,0.574,0.695,0.505,0.539,29.64,81.125,59.28,12.87,4.390000000000001,89.06,80.46000000000001,0.19250798829210433,Medium,0.19118363369816876,0.0013243545939355672
Sikkim,2008,71,46.8,53.7,2106,986,0.686,0.799,0.625,0.647,50.629999999999995,44.475,96.075,25.0,5.505,72.89,92.74000000000001,0.11923633925025681,Medium,0.09947147796483413,0.01976486128542268
West Bengal,2008,5026,62.4,65.8,190835,118999,0.622,0.752,0.541,0.592,35.77,72.82499999999999,64.67500000000001,20.65,4.984999999999999,85.07,82.1,0.2650930170821362,High,0.2676422374335583,-0.0025492203514221323
Chhattisgarh,2008,1165,49.8,66.0,30992,15444,0.637,0.736,0.55,0.639,38.15,72.67,90.41,25.29,4.54,98.7,88.74,0.1639896090417475,Medium,0.14910188763856239,0.014887721403185117
Madhya Pradesh,2008,3828,60.1,65.9,81382,48945,0.576,0.671,0.527,0.541,33.51,76.275,77.15,19.98,4.165,81.995,84.75999999999999,0.22649133699854848,Medium,0.23745617023427784,-0.01096483323572936
Uttarakhand,2008,1048,26.2,31.6,36706,9608,0.714,0.782,0.622,0.748,51.55,45.41,94.02,59.52,5.49,96.66,96.27,0.06503814702625503,Low,0.06954939395335683,-0.004511246927101795
Uttar Pradesh,2008,9342,43.7,52.6,214778,93794,0.578,0.662,0.524,0.557,32.2,77.77000000000001,50.22,10.37,4.425000000000001,78.39500000000001,82.005,0.26953668216672727,High,0.2537809475693747,0.015755734597352578
Dadra & Nagar Haveli*,2008,21,23.9,121.9,625,149,0.787,0.816,0.662,0.902,59.12,23.92,100.0,53.0,8.1,100.0,94.68,0.19113191769877652,Medium,0.17429288184649708,0.016839035852279444
Goa,2008,405,29.4,33.6,18540,5460,0.799,0.824,0.731,0.848,72.88499999999999,16.865000000000002,98.005,80.02000000000001,8.205,82.015,97.28,0.06283718867822638,Low,0.07138180211500345,-0.008544613436777065
Gujarat,2008,4209,66.5,97.8,150593,100195,0.663,0.729,0.639,0.626,54.230000000000004,41.129999999999995,92.66499999999999,69.53999999999999,5.5649999999999995,90.435,81.68,0.3076687998125272,High,0.2748986568157072,0.03277014299682002
Maharashtra,2008,7350,93.9,73.1,862669,810003,0.703,0.777,0.625,0.715,51.83,45.245000000000005,89.47999999999999,66.97999999999999,6.4399999999999995,86.545,89.515,0.5051570339068363,High,0.4835117778106266,0.02164525609620971
Andhra Pradesh,2008,6240,90.4,97.2,178647,161553,0.616,0.723,0.588,0.55,45.595,55.975,93.215,48.480000000000004,4.06,87.41499999999999,83.785,0.38502347926037744,High,0.3619616698035793,0.023061809456798144
Andhra Pradesh,2008,6240,90.4,97.2,178647,161553,0.716,0.797,0.672,0.685,45.595,55.975,93.215,48.480000000000004,4.06,87.41499999999999,83.785,0.38502347926037744,High,0.41772977647455667,-0.032706297214179225
Karnataka,2008,5666,78.1,94.3,209609,163789,0.656,0.753,0.604,0.62,48.620000000000005,50.285,92.335,52.54,5.175,83.135,86.785,0.3545403256150816,High,0.3508119662503979,0.0037283593646836866
Kerala,2008,4007,63.4,66.4,109919,69689,0.793,0.855,0.682,0.855,61.935,21.83,94.845,19.1,8.05,92.22,99.34,0.2405292217234936,Medium,0.24642559928196558,-0.005896377558471971
Puducherry,2008,112,49.7,50.1,4649,2309,0.83,0.846,0.728,0.928,71.38,9.25,100.0,97.96,9.01,97.89,98.35,0.11926063299798036,Medium,0.13904732210864723,-0.019786689110666875
Tamil Nadu,2008,5716,114.7,117.0,198554,227686,0.699,0.795,0.611,0.701,50.815,43.94,92.92,55.805,5.795,94.745,94.59,0.461564094781547,High,0.4473056455327233,0.01425844924882369
Chandigarh,2009,307,115.0,119.9,27810,31974,0.719,0.83,0.673,0.664,60.46,27.46,100.0,53.96,5.66,93.18,93.2,0.3548447004304773,High,0.34315323243504847,0.011691467995428806
Delhi,2009,2272,68.9,68.8,515033,355103,0.789,0.792,0.741,0.837,71.71000000000001,13.165000000000001,99.42,78.50999999999999,8.25,88.28999999999999,91.04499999999999,0.30160660408989176,High,0.325066152265163,-0.02345954817527124
Haryana,2009,2192,61.4,74.0,86965,53368,0.689,0.766,0.658,0.648,56.370000000000005,39.78,94.745,51.235,5.48,85.94999999999999,89.33,0.2208145199232543,Medium,0.22930685660758102,-0.008492336684326723
Himachal Pradesh,2009,957,38.6,47.1,23754,9162,0.733,0.793,0.67,0.741,58.605000000000004,33.025,99.045,65.985,6.39,94.22999999999999,97.25,0.10934785925422127,Low,0.12193748262500696,-0.012589623370785688
Jammu & Kashmir,2009,984,47.2,47.3,29271,13803,0.694,0.776,0.643,0.669,53.565,45.795,96.45500000000001,49.114999999999995,5.55,81.755,91.83500000000001,0.12591331633594272,Medium,0.1340500741464406,-0.008136757810497885
Punjab,2009,3324,65.7,65.5,120328,79034,0.718,0.776,0.699,0.682,63.879999999999995,25.974999999999998,97.765,52.795,6.109999999999999,85.88499999999999,89.075,0.23575848337337985,Medium,0.26228381880652285,-0.026525335433143005
Rajasthan,2009,4033,80.6,87.5,91777,73991,0.589,0.707,0.576,0.502,41.09,64.63,75.935,37.77,3.8,81.475,78.445,0.3039292917971661,High,0.31234709417996404,-0.008417802382797934
Arunachal Pradesh,2009,77,25.5,33.9,3575,912,0.678,0.715,0.634,0.688,51.915,48.73,87.65,63.88,5.6899999999999995,74.355,86.96000000000001,0.050169681146407616,Low,0.05701745170976679,-0.006847770563359175
Assam,2009,1421,38.5,41.5,39266,15123,0.62,0.701,0.536,0.635,33.665,76.68,50.15,6.055,5.8149999999999995,90.365,79.50999999999999,0.10846219307517166,Low,0.12124143138279654,-0.012779238307624882
Manipur,2009,81,36.0,37.1,2523,909,0.741,0.789,0.63,0.82,51.025,51.095,93.47999999999999,39.32,8.705,76.305,95.91,0.07347546398487795,Low,0.08174637966276752,-0.008270915677889568
Meghalaya,2009,205,28.3,34.6,6205,1753,0.668,0.742,0.62,0.647,49.17,49.915,84.655,50.769999999999996,6.025,66.435,84.705,0.058240667229896584,Low,0.06706904274083517,-0.008828375510938583
Mizoram,2009,94,57.9,60.2,1771,1025,0.755,0.773,0.723,0.768,68.42,24.095,96.175,68.175,7.595,86.83500000000001,94.66,0.149341937525046,Medium,0.12274097217494413,0.026600965350101854
Nagaland,2009,85,30.8,31.6,3443,1061,0.713,0.753,0.657,0.732,56.099999999999994,39.215,91.235,47.585,7.35,72.575,87.55,0.055626059162602895,Low,0.05541100705323034,0.00021505210937255298
Tripura,2009,218,30.7,31.5,6294,1933,0.661,0.75,0.563,0.683,38.61,75.155,79.175,17.14,5.9399999999999995,82.79499999999999,93.81,0.05747778387075057,Low,0.07333246361129894,-0.01585467974054837
Bihar,2009,3904,26.8,26.6,87002,23308,0.551,0.696,0.491,0.49,25.295,87.27,44.185,3.065,3.69,64.895,79.51,0.10320952217668408,Low,0.12557252713923195,-0.022363004962547867
Jharkhand,2009,1747,32.0,35.7,55107,17658,0.629,0.762,0.532,0.614,34.21,76.18,75.97,16.38,4.59,96.75,88.26,0.09399866608547777,Low,0.10410680752651384,-0.01010814144103607
Odisha,2009,2733,50.8,55.7,70112,35646,0.578,0.703,0.514,0.535,29.64,81.125,59.28,12.87,4.390000000000001,89.06,80.46000000000001,0.17619264233587728,Medium,0.19066010448490658,-0.014467462149029303
Sikkim,2009,71,41.6,53.7,2522,1049,0.689,0.803,0.627,0.65,50.629999999999995,44.475,96.075,25.0,5.505,72.89,92.74000000000001,0.1103264782335742,Low,0.09960623560755667,0.01072024262601752
West Bengal,2009,5178,60.7,62.2,228488,138766,0.624,0.758,0.547,0.585,35.77,72.82499999999999,64.67500000000001,20.65,4.984999999999999,85.07,82.1,0.26419235872351887,High,0.2656510372986302,-0.0014586785751113385
Chhattisgarh,2009,1243,46.3,52.3,39155,18141,0.628,0.735,0.553,0.609,38.15,72.67,90.41,25.29,4.54,98.7,88.74,0.13757242327475555,Medium,0.1504938628475618,-0.012921439572806254
Madhya Pradesh,2009,4052,57.4,61.9,100280,57527,0.579,0.679,0.535,0.534,33.51,76.275,77.15,19.98,4.165,81.995,84.75999999999999,0.22111289155909714,Medium,0.24089251391106678,-0.019779622351969645
Uttarakhand,2009,1105,25.3,28.6,44876,11349,0.704,0.781,0.625,0.713,51.55,45.41,94.02,59.52,5.49,96.66,96.27,0.06032266360602763,Low,0.07014596116889601,-0.009823297562868386
Uttar Pradesh,2009,9844,42.2,46.5,263076,111116,0.579,0.667,0.528,0.551,32.2,77.77000000000001,50.22,10.37,4.425000000000001,78.39500000000001,82.005,0.27041409323282756,High,0.2545465029643063,0.015867590268521248
Dadra & Nagar Haveli*,2009,24,18.1,87.7,776,141,0.777,0.815,0.666,0.863,59.12,23.92,100.0,53.0,8.1,100.0,94.68,0.12489911019898399,Medium,0.16584800335572883,-0.04094889315674484
Goa,2009,420,26.7,26.6,23672,6312,0.808,0.827,0.747,0.852,72.88499999999999,16.865000000000002,98.005,80.02000000000001,8.205,82.015,97.28,0.04746727790565862,Low,0.07087323018859214,-0.023405952282933518
Gujarat,2009,4435,63.7,74.6,186882,119008,0.664,0.736,0.647,0.616,54.230000000000004,41.129999999999995,92.66499999999999,69.53999999999999,5.5649999999999995,90.435,81.68,0.2733786334047613,High,0.27551505965822665,-0.002136426253465329
Maharashtra,2009,7767,91.2,78.7,998029,910390,0.706,0.782,0.634,0.709,51.83,45.245000000000005,89.47999999999999,66.97999999999999,6.4399999999999995,86.545,89.515,0.5397747896623991,High,0.4893000408193034,0.05047474884309572
Andhra Pradesh,2009,6635,96.4,104.9,218350,210385,0.621,0.73,0.6,0.547,45.595,55.975,93.215,48.480000000000004,4.06,87.41499999999999,83.785,0.4226923306388001,High,0.3687362372705955,0.05395609336820456
Andhra Pradesh,2009,6635,96.4,104.9,218350,210385,0.706,0.796,0.675,0.654,45.595,55.975,93.215,48.480000000000004,4.06,87.41499999999999,83.785,0.4226923306388001,High,0.4223104346862505,0.0003818959525495602
Karnataka,2009,5950,77.3,82.8,256452,198204,0.659,0.762,0.617,0.608,48.620000000000005,50.285,92.335,52.54,5.175,83.135,86.785,0.34649880843898045,High,0.36144618774353204,-0.014947379304551589
Kerala,2009,4170,59.7,61.7,135119,80714,0.792,0.858,0.688,0.842,61.935,21.83,94.845,19.1,8.05,92.22,99.34,0.23233454601274467,Medium,0.24468119650023834,-0.012346650487493671
Puducherry,2009,128,51.4,55.8,5460,2807,0.823,0.845,0.732,0.901,71.38,9.25,100.0,97.96,9.01,97.89,98.35,0.13192446404843178,Medium,0.14461733902969465,-0.01269287498126287
Tamil Nadu,2009,6080,108.1,115.2,245458,265325,0.703,0.8,0.628,0.69,50.815,43.94,92.92,55.805,5.795,94.745,94.59,0.46094811800718105,High,0.4615609812347006,-0.0006128632275195223
Chandigarh,2010,326,131.1,133.7,31488,41279,0.718,0.829,0.677,0.66,60.46,27.46,100.0,53.96,5.66,93.18,93.2,0.40693880159344,High,0.34881819191332275,0.05812060968011723
Delhi,2010,2456,74.6,70.6,565013,421554,0.794,0.796,0.744,0.843,71.71000000000001,13.165000000000001,99.42,78.50999999999999,8.25,88.28999999999999,91.04499999999999,0.32912065833513604,High,0.35212757304284964,-0.0230069147077136
Haryana,2010,2438,63.3,76.1,109172,69138,0.701,0.771,0.668,0.669,56.370000000000005,39.78,94.745,51.235,5.48,85.94999999999999,89.33,0.2348167630438367,Medium,0.23804517009448364,-0.0032284070506469476
Himachal Pradesh,2010,1017,42.2,51.0,26885,11355,0.739,0.794,0.678,0.75,58.605000000000004,33.025,99.045,65.985,6.39,94.22999999999999,97.25,0.12333602761327518,Medium,0.12418851648566052,-0.000852488872385343
Jammu & Kashmir,2010,1013,46.4,47.8,34003,15769,0.708,0.78,0.654,0.695,53.565,45.795,96.45500000000001,49.114999999999995,5.55,81.755,91.83500000000001,0.12643573834104763,Medium,0.13191716066487358,-0.005481422323825952
Punjab,2010,3595,71.5,73.0,133200,95256,0.73,0.781,0.707,0.705,63.879999999999995,25.974999999999998,97.765,52.795,6.109999999999999,85.88499999999999,89.075,0.2648377763527633,High,0.2735281201864921,-0.008690343833728797
Rajasthan,2010,4242,88.4,96.6,106736,94307,0.6,0.716,0.586,0.515,41.09,64.63,75.935,37.77,3.8,81.475,78.445,0.33889843982772183,High,0.3196498574013527,0.01924858242636912
Arunachal Pradesh,2010,80,27.5,34.4,4126,1137,0.708,0.728,0.651,0.747,51.915,48.73,87.65,63.88,5.6899999999999995,74.355,86.96000000000001,0.05455793387159406,Low,0.053932667162409895,0.0006252667091841621
Assam,2010,1477,37.8,40.5,48594,18367,0.631,0.709,0.547,0.649,33.665,76.68,50.15,6.055,5.8149999999999995,90.365,79.50999999999999,0.10764903326787807,Low,0.12090554310338662,-0.013256509835508551
Manipur,2010,81,42.1,44.8,2699,1135,0.755,0.794,0.656,0.828,51.025,51.095,93.47999999999999,39.32,8.705,76.305,95.91,0.09670071598742085,Low,0.07816677279576068,0.01853394319166017
Meghalaya,2010,213,25.6,32.7,7643,1958,0.692,0.75,0.642,0.687,49.17,49.915,84.655,50.769999999999996,6.025,66.435,84.705,0.05073520142563689,Low,0.05859684241289576,-0.007861640987258875
Mizoram,2010,98,53.2,57.7,2239,1191,0.77,0.772,0.746,0.793,68.42,24.095,96.175,68.175,7.595,86.83500000000001,94.66,0.13724910363321088,Medium,0.11859492229312835,0.018654181340082537
Nagaland,2010,90,30.3,40.2,4188,1269,0.744,0.761,0.689,0.787,56.099999999999994,39.215,91.235,47.585,7.35,72.575,87.55,0.06908551757721448,Low,0.05546664676641405,0.013618870810800432
Tripura,2010,229,30.7,31.6,7459,2294,0.675,0.759,0.572,0.709,38.61,75.155,79.175,17.14,5.9399999999999995,82.79499999999999,93.81,0.05794674422551108,Low,0.0742972682610744,-0.016350524035563314
Bihar,2010,4142,29.0,29.7,100367,29125,0.562,0.704,0.497,0.508,25.295,87.27,44.185,3.065,3.69,64.895,79.51,0.11730084938437595,Medium,0.12834614663514796,-0.01104529725077201
Jharkhand,2010,1862,35.1,36.8,63583,22324,0.628,0.761,0.536,0.609,34.21,76.18,75.97,16.38,4.59,96.75,88.26,0.10406424659372586,Low,0.10452867464223602,-0.00046442804851015707
Odisha,2010,2876,54.4,58.1,82425,44820,0.59,0.711,0.524,0.552,29.64,81.125,59.28,12.87,4.390000000000001,89.06,80.46000000000001,0.190514268578437,Medium,0.19112786601515017,-0.0006135974367131591
Sikkim,2010,74,37.2,49.5,3134,1167,0.701,0.806,0.63,0.677,50.629999999999995,44.475,96.075,25.0,5.505,72.89,92.74000000000001,0.09594739031574466,Low,0.09935662092008282,-0.003409230604338162
West Bengal,2010,5368,61.5,64.8,276140,169951,0.633,0.765,0.554,0.599,35.77,72.82499999999999,64.67500000000001,20.65,4.984999999999999,85.07,82.1,0.280561522150962,High,0.28269219700310444,-0.0021306748521424668
Chhattisgarh,2010,1331,52.3,55.1,47777,24976,0.627,0.734,0.557,0.604,38.15,72.67,90.41,25.29,4.54,98.7,88.74,0.15531685162266737,Medium,0.15574247500708305,-0.0004256233844156798
Madhya Pradesh,2010,4270,60.6,63.7,118183,71617,0.589,0.687,0.544,0.548,33.51,76.275,77.15,19.98,4.165,81.995,84.75999999999999,0.23587048668750293,Medium,0.2494741583352683,-0.013603671647765353
Uttarakhand,2010,1204,33.7,38.2,41970,14163,0.703,0.78,0.629,0.707,51.55,45.41,94.02,59.52,5.49,96.66,96.27,0.0919665301226375,Low,0.08371823472532453,0.008248295397312977
Uttar Pradesh,2010,10475,43.3,47.4,312260,135129,0.588,0.673,0.533,0.566,32.2,77.77000000000001,50.22,10.37,4.425000000000001,78.39500000000001,82.005,0.2898724603430264,High,0.26091705046652675,0.028955409876499638
Dadra & Nagar Haveli*,2010,27,60.0,92.9,964,578,0.777,0.814,0.67,0.859,59.12,23.92,100.0,53.0,8.1,100.0,94.68,0.20574533102373174,Medium,0.16574955828880228,0.03999577273492946
Goa,2010,443,26.5,27.9,29199,7729,0.823,0.831,0.763,0.88,72.88499999999999,16.865000000000002,98.005,80.02000000000001,8.205,82.015,97.28,0.05027652172749628,Low,0.07335426874720383,-0.023077747019707544
Gujarat,2010,4733,65.3,75.2,215217,140498,0.674,0.743,0.654,0.628,54.230000000000004,41.129999999999995,92.66499999999999,69.53999999999999,5.5649999999999995,90.435,81.68,0.2863356607180457,High,0.2766050144657532,0.00973064625229253
Maharashtra,2010,8321,82.9,75.8,1201991,996860,0.717,0.788,0.643,0.729,51.83,45.245000000000005,89.47999999999999,66.97999999999999,6.4399999999999995,86.545,89.515,0.5578555285661185,High,0.5029494134088179,0.054906115157300595
Andhra Pradesh,2010,7132,105.1,109.7,249264,262085,0.634,0.736,0.613,0.564,45.595,55.975,93.215,48.480000000000004,4.06,87.41499999999999,83.785,0.46107656191499097,High,0.398141058703095,0.06293550321189595
Andhra Pradesh,2010,7132,105.1,109.7,249264,262085,0.705,0.795,0.68,0.649,45.595,55.975,93.215,48.480000000000004,4.06,87.41499999999999,83.785,0.46107656191499097,High,0.4269501056439254,0.034126456271065586
Karnataka,2010,6271,77.6,80.4,289775,224825,0.669,0.77,0.629,0.619,48.620000000000005,50.285,92.335,52.54,5.175,83.135,86.785,0.3536467072813405,High,0.36614714736241494,-0.012500440081074427
Kerala,2010,4390,63.1,64.5,152097,96011,0.802,0.861,0.695,0.861,61.935,21.83,94.845,19.1,8.05,92.22,99.34,0.24915136147591133,Medium,0.24827497929484213,0.0008763821810691963
Puducherry,2010,145,57.2,59.2,6115,3499,0.821,0.844,0.736,0.891,71.38,9.25,100.0,97.96,9.01,97.89,98.35,0.14788471050625468,Medium,0.15141036732715552,-0.0035256568209008354
Tamil Nadu,2010,6474,113.8,113.5,283637,322894,0.716,0.805,0.646,0.705,50.815,43.94,92.92,55.805,5.795,94.745,94.59,0.4834225541814311,High,0.49618377488113397,-0.012761220699702869
Chandigarh,2011,337,121.6,119.8,37998,46221,0.722,0.828,0.678,0.671,60.46,27.46,100.0,53.96,5.66,93.18,93.2,0.36902737138832775,High,0.3495977093051106,0.01942966208321717
Delhi,2011,2629,86.8,80.8,635923,551995,0.803,0.8,0.744,0.869,71.71000000000001,13.165000000000001,99.42,78.50999999999999,8.25,88.28999999999999,91.04499999999999,0.3906003376196223,High,0.3899878694367619,0.0006124681828604261
Haryana,2011,2690,71.7,85.6,129381,92787,0.717,0.776,0.674,0.707,56.370000000000005,39.78,94.745,51.235,5.48,85.94999999999999,89.33,0.27294734577897783,High,0.24353602507293307,0.02941132070604477
Himachal Pradesh,2011,1077,41.6,48.6,32379,13470,0.75,0.795,0.683,0.777,58.605000000000004,33.025,99.045,65.985,6.39,94.22999999999999,97.25,0.11994309570828236,Medium,0.12115624040956494,-0.001213144701282573
Jammu & Kashmir,2011,1041,38.1,35.7,40151,15280,0.726,0.785,0.662,0.737,53.565,45.795,96.45500000000001,49.114999999999995,5.55,81.755,91.83500000000001,0.09315389827699036,Low,0.135023764753323,-0.041869866476332646
Punjab,2011,3895,77.8,92.9,152809,118956,0.747,0.785,0.711,0.745,63.879999999999995,25.974999999999998,97.765,52.795,6.109999999999999,85.88499999999999,89.075,0.31707043579154226,High,0.28015727341788965,0.03691316237365261
Rajasthan,2011,4507,90.4,95.8,128000,115710,0.614,0.724,0.591,0.54,41.09,64.63,75.935,37.77,3.8,81.475,78.445,0.3490837567903908,High,0.3306692362556779,0.018414520534712875
Arunachal Pradesh,2011,86,23.7,27.4,5192,1231,0.741,0.742,0.663,0.825,51.915,48.73,87.65,63.88,5.6899999999999995,74.355,86.96000000000001,0.03668637664364982,Low,0.05210849587145759,-0.01542211922780777
Assam,2011,1546,36.5,38.9,58496,21377,0.646,0.716,0.555,0.679,33.665,76.68,50.15,6.055,5.8149999999999995,90.365,79.50999999999999,0.10502260986251648,Low,0.1220882854826619,-0.017065675620145423
Manipur,2011,83,34.8,36.6,3362,1171,0.77,0.799,0.679,0.842,51.025,51.095,93.47999999999999,39.32,8.705,76.305,95.91,0.07072397337542377,Low,0.0750792118916733,-0.004355238516249527
Meghalaya,2011,221,24.4,29.6,9583,2337,0.72,0.758,0.661,0.744,49.17,49.915,84.655,50.769999999999996,6.025,66.435,84.705,0.04390700960436077,Low,0.05435113892227443,-0.010444129317913664
Mizoram,2011,100,46.0,49.8,2550,1174,0.79,0.771,0.765,0.836,68.42,24.095,96.175,68.175,7.595,86.83500000000001,94.66,0.11189792773353077,Medium,0.1134395502888533,-0.0015416225553225305
Nagaland,2011,95,26.1,27.5,5207,1359,0.769,0.769,0.717,0.826,56.099999999999994,39.215,91.235,47.585,7.35,72.575,87.55,0.041123487805176,Low,0.05574939088928616,-0.014625903084110159
Tripura,2011,247,32.2,33.2,8569,2755,0.694,0.769,0.579,0.751,38.61,75.155,79.175,17.14,5.9399999999999995,82.79499999999999,93.81,0.06356973404336211,Low,0.07420812142781705,-0.01063838738445494
Bihar,2011,4323,29.5,31.6,119222,35167,0.576,0.712,0.499,0.538,25.295,87.27,44.185,3.065,3.69,64.895,79.51,0.12627788959966088,Medium,0.1311947257235148,-0.004916836123853907
Jharkhand,2011,1984,34.4,35.6,75547,26013,0.631,0.761,0.536,0.618,34.21,76.18,75.97,16.38,4.59,96.75,88.26,0.10412969392829305,Low,0.10433318517595953,-0.00020349124766648463
Odisha,2011,3029,52.5,55.7,102766,53965,0.605,0.719,0.531,0.582,29.64,81.125,59.28,12.87,4.390000000000001,89.06,80.46000000000001,0.1883846207546182,Medium,0.19336221806179257,-0.0049775973071743695
Sikkim,2011,82,37.9,62.4,3292,1246,0.716,0.81,0.629,0.72,50.629999999999995,44.475,96.075,25.0,5.505,72.89,92.74000000000001,0.11852104602167676,Medium,0.09939083216392328,0.019130213857753486
West Bengal,2011,5678,63.7,65.1,314222,200114,0.646,0.771,0.558,0.628,35.77,72.82499999999999,64.67500000000001,20.65,4.984999999999999,85.07,82.1,0.29613526099552845,High,0.28724243309006026,0.008892827905468192
Chhattisgarh,2011,1423,52.3,56.1,56815,29742,0.63,0.733,0.557,0.613,38.15,72.67,90.41,25.29,4.54,98.7,88.74,0.15963068247329082,Medium,0.15614104925203143,0.0034896332212593917
Madhya Pradesh,2011,4453,55.6,60.1,138107,76800,0.603,0.695,0.549,0.575,33.51,76.275,77.15,19.98,4.165,81.995,84.75999999999999,0.22635774285964239,Medium,0.252308766863089,-0.02595102400344662
Uttarakhand,2011,1278,35.4,39.1,48655,17229,0.706,0.779,0.629,0.718,51.55,45.41,94.02,59.52,5.49,96.66,96.27,0.09838037449654427,Low,0.08615137286013445,0.012229001636409817
Uttar Pradesh,2011,11040,44.0,48.2,371490,163289,0.599,0.678,0.533,0.595,32.2,77.77000000000001,50.22,10.37,4.425000000000001,78.39500000000001,82.005,0.30902400569564,High,0.2765150036991929,0.03250900199644707
Dadra & Nagar Haveli*,2011,34,34.8,56.2,1238,431,0.781,0.813,0.67,0.875,59.12,23.92,100.0,53.0,8.1,100.0,94.68,0.10202918159060344,Low,0.16925937952068432,-0.06723019793008088
Goa,2011,470,29.1,31.1,31578,9201,0.835,0.835,0.775,0.9,72.88499999999999,16.865000000000002,98.005,80.02000000000001,8.205,82.015,97.28,0.060786919492717015,Low,0.07098657758305313,-0.010199658090336114
Gujarat,2011,5073,66.2,74.4,259522,171748,0.687,0.751,0.658,0.656,54.230000000000004,41.129999999999995,92.66499999999999,69.53999999999999,5.5649999999999995,90.435,81.68,0.29900084327461296,High,0.2878314571012772,0.011169386173335738
Maharashtra,2011,8816,83.0,75.0,1453286,1206599,0.733,0.794,0.648,0.766,51.83,45.245000000000005,89.47999999999999,66.97999999999999,6.4399999999999995,86.545,89.515,0.6112640017821496,High,0.5618015977457116,0.04946240403643798
Andhra Pradesh,2011,7571,109.7,114.9,292714,321243,0.65,0.743,0.622,0.594,45.595,55.975,93.215,48.480000000000004,4.06,87.41499999999999,83.785,0.4943212971815523,High,0.3996804721657866,0.0946408250157657
Andhra Pradesh,2011,7571,109.7,114.9,292714,321243,0.709,0.794,0.68,0.66,45.595,55.975,93.215,48.480000000000004,4.06,87.41499999999999,83.785,0.4943212971815523,High,0.4278367444963926,0.06648455268515974
Karnataka,2011,6518,72.7,76.3,347441,252570,0.684,0.778,0.638,0.645,48.620000000000005,50.285,92.335,52.54,5.175,83.135,86.785,0.35055394050846217,High,0.370461349897007,-0.01990740938854485
Kerala,2011,4690,73.1,73.8,170936,125004,0.811,0.864,0.698,0.884,61.935,21.83,94.845,19.1,8.05,92.22,99.34,0.29081464516176314,High,0.24891890397747585,0.041895741184287294
Puducherry,2011,159,62.7,63.7,6889,4317,0.821,0.843,0.737,0.89,71.38,9.25,100.0,97.96,9.01,97.89,98.35,0.16512356456507707,Medium,0.15660081570816972,0.008522748856907347
Tamil Nadu,2011,6864,115.1,119.4,342263,394066,0.733,0.81,0.659,0.736,50.815,43.94,92.92,55.805,5.795,94.745,94.59,0.5142829782496038,High,0.5663892889094201,-0.0521063106598163
Chandigarh,2012,363,115.5,114.5,39384,45486,0.716,0.827,0.677,0.654,60.46,27.46,100.0,53.96,5.66,93.18,93.2,0.35020501692843536,High,0.34997243558339103,0.00023258134504433592
Delhi,2012,2876,95.6,93.8,684133,653735,0.799,0.803,0.743,0.856,71.71000000000001,13.165000000000001,99.42,78.50999999999999,8.25,88.28999999999999,91.04499999999999,0.4464500068383348,High,0.3991742042279695,0.04727580261036529
Haryana,2012,3022,79.4,94.5,145844,115775,0.723,0.78,0.679,0.713,56.370000000000005,39.78,94.745,51.235,5.48,85.94999999999999,89.33,0.3095322606497638,High,0.2553130346545097,0.05421922599525408
Himachal Pradesh,2012,1164,38.9,45.0,37996,14782,0.749,0.795,0.686,0.771,58.605000000000004,33.025,99.045,65.985,6.39,94.22999999999999,97.25,0.1112490217399534,Low,0.12297907508970544,-0.011730053349752051
Jammu & Kashmir,2012,1198,33.8,34.1,50027,16914,0.733,0.789,0.669,0.747,53.565,45.795,96.45500000000001,49.114999999999995,5.55,81.755,91.83500000000001,0.08640458497626638,Low,0.141279447431164,-0.054874862454897616
Punjab,2012,4346,80.9,83.2,172902,139917,0.752,0.79,0.715,0.753,63.879999999999995,25.974999999999998,97.765,52.795,6.109999999999999,85.88499999999999,89.075,0.3168701848468195,High,0.295956218012126,0.020913966834693487
Rajasthan,2012,4936,90.9,96.1,150631,136945,0.619,0.732,0.597,0.542,41.09,64.63,75.935,37.77,3.8,81.475,78.445,0.3608461504394137,High,0.33699451442952816,0.023851636009885546
Arunachal Pradesh,2012,96,23.9,28.4,5753,1375,0.762,0.756,0.675,0.867,51.915,48.73,87.65,63.88,5.6899999999999995,74.355,86.96000000000001,0.0388843446903323,Low,0.05300950031700442,-0.014125155626672117
Assam,2012,1639,37.7,40.3,66571,25124,0.652,0.724,0.563,0.679,33.665,76.68,50.15,6.055,5.8149999999999995,90.365,79.50999999999999,0.11186882797585443,Medium,0.12528376854320436,-0.013414940567349931
Manipur,2012,94,31.3,33.2,4071,1274,0.78,0.805,0.701,0.842,51.025,51.095,93.47999999999999,39.32,8.705,76.305,95.91,0.05932903878306951,Low,0.07527141262899954,-0.01594237384593003
Meghalaya,2012,237,25.8,28.2,11054,2856,0.737,0.765,0.68,0.768,49.17,49.915,84.655,50.769999999999996,6.025,66.435,84.705,0.044434180477535126,Low,0.05469408588363156,-0.010259905406096434
Mizoram,2012,111,38.9,41.9,3356,1307,0.797,0.77,0.783,0.838,68.42,24.095,96.175,68.175,7.595,86.83500000000001,94.66,0.08690689364115183,Low,0.11282065286908591,-0.025913759227934083
Nagaland,2012,108,27.2,47.6,5742,1563,0.782,0.777,0.744,0.828,56.099999999999994,39.215,91.235,47.585,7.35,72.575,87.55,0.07635706487958951,Low,0.06065409187096203,0.015702973008627483
Tripura,2012,271,31.3,31.7,10410,3262,0.702,0.778,0.584,0.762,38.61,75.155,79.175,17.14,5.9399999999999995,82.79499999999999,93.81,0.060114333233661665,Low,0.07504265389036167,-0.014928320656700009
Bihar,2012,4650,29.7,31.7,139350,41413,0.581,0.72,0.501,0.544,25.295,87.27,44.185,3.065,3.69,64.895,79.51,0.13391191499054453,Medium,0.1343741742351432,-0.0004622592445986673
Jharkhand,2012,2180,33.9,34.3,87938,29773,0.625,0.759,0.536,0.6,34.21,76.18,75.97,16.38,4.59,96.75,88.26,0.1054329969364363,Low,0.1059554428390423,-0.0005224459026060002
Odisha,2012,3319,47.3,50.6,124468,58830,0.612,0.727,0.537,0.586,29.64,81.125,59.28,12.87,4.390000000000001,89.06,80.46000000000001,0.17765615501125198,Medium,0.1956345240529781,-0.017978369041726117
Sikkim,2012,89,33.1,57.9,4010,1326,0.72,0.814,0.628,0.732,50.629999999999995,44.475,96.075,25.0,5.505,72.89,92.74000000000001,0.10301983605177752,Low,0.09926910252240193,0.003750733529375591
West Bengal,2012,6061,63.8,65.1,373945,238759,0.65,0.778,0.561,0.629,35.77,72.82499999999999,64.67500000000001,20.65,4.984999999999999,85.07,82.1,0.31165720262042146,High,0.2919271678246972,0.01973003479572427
Chhattisgarh,2012,1597,53.6,56.1,68292,36634,0.624,0.732,0.557,0.595,38.15,72.67,90.41,25.29,4.54,98.7,88.74,0.16612883781756246,Medium,0.1582974010183984,0.007831436799164065
Madhya Pradesh,2012,4805,56.6,60.7,166865,94522,0.607,0.702,0.553,0.576,33.51,76.275,77.15,19.98,4.165,81.995,84.75999999999999,0.23864467056020403,Medium,0.25342810089166035,-0.014783430331456321
Uttarakhand,2012,1450,35.6,39.0,56366,20064,0.699,0.778,0.629,0.698,51.55,45.41,94.02,59.52,5.49,96.66,96.27,0.10197490594405607,Low,0.08888388397202818,0.013091021972027897
Uttar Pradesh,2012,12096,44.0,47.4,431036,189721,0.602,0.684,0.534,0.597,32.2,77.77000000000001,50.22,10.37,4.425000000000001,78.39500000000001,82.005,0.33086579526788673,High,0.27910909142401186,0.051756703843874874
Dadra & Nagar Haveli*,2012,40,30.1,60.5,1588,479,0.774,0.812,0.67,0.854,59.12,23.92,100.0,53.0,8.1,100.0,94.68,0.10113241450341634,Low,0.14479390292324582,-0.043661488419829475
Goa,2012,521,28.1,30.1,36476,10241,0.842,0.838,0.787,0.904,72.88499999999999,16.865000000000002,98.005,80.02000000000001,8.205,82.015,97.28,0.05871003363971814,Low,0.07098657758305313,-0.012276543943334987
Gujarat,2012,5548,70.4,78.1,303091,213421,0.69,0.758,0.662,0.656,54.230000000000004,41.129999999999995,92.66499999999999,69.53999999999999,5.5649999999999995,90.435,81.68,0.3276692796443283,High,0.29229263308750647,0.03537664655682182
Maharashtra,2012,9608,91.8,82.5,1529867,1404674,0.738,0.799,0.653,0.77,51.83,45.245000000000005,89.47999999999999,66.97999999999999,6.4399999999999995,86.545,89.515,0.6788611143590663,High,0.5882836565675952,0.09057745779147108
Andhra Pradesh,2012,8333,111.3,119.8,345177,384212,0.656,0.749,0.631,0.598,45.595,55.975,93.215,48.480000000000004,4.06,87.41499999999999,83.785,0.5276113526978643,High,0.41432828679525935,0.11328306590260495
Andhra Pradesh,2012,8333,111.3,119.8,345177,384212,0.703,0.793,0.68,0.643,45.595,55.975,93.215,48.480000000000004,4.06,87.41499999999999,83.785,0.5276113526978643,High,0.426863132857573,0.10074821984029131
Karnataka,2012,7137,71.4,74.7,410074,292796,0.689,0.787,0.647,0.643,48.620000000000005,50.285,92.335,52.54,5.175,83.135,86.785,0.3647057814809852,High,0.37223002946637196,-0.007524247985386756
Kerala,2012,5006,76.4,75.7,200560,153168,0.812,0.867,0.7,0.881,61.935,21.83,94.845,19.1,8.05,92.22,99.34,0.3099453358266563,High,0.24891890397747585,0.06102643184918044
Puducherry,2012,171,71.5,69.9,7712,5517,0.815,0.841,0.736,0.874,71.38,9.25,100.0,97.96,9.01,97.89,98.35,0.19086506579066914,Medium,0.16899533205005746,0.021869733740611685
Tamil Nadu,2012,7641,116.9,119.5,398920,466218,0.739,0.815,0.673,0.736,50.815,43.94,92.92,55.805,5.795,94.745,94.59,0.5416426580271012,High,0.5679269407857898,-0.02628428275868855
Chandigarh,2013,383,127.5,123.1,45392,57852,0.747,0.826,0.704,0.718,60.46,27.46,100.0,53.96,5.66,93.18,93.2,0.38725608128724787,High,0.34827179981031686,0.038984281476931004
Delhi,2013,3045,97.7,94.9,752187,734637,0.8,0.806,0.746,0.851,71.71000000000001,13.165000000000001,99.42,78.50999999999999,8.25,88.28999999999999,91.04499999999999,0.46977494098094574,High,0.40035050703944053,0.06942443394150521
Haryana,2013,3412,76.5,86.0,169393,129660,0.731,0.784,0.692,0.719,56.370000000000005,39.78,94.745,51.235,5.48,85.94999999999999,89.33,0.29970409564627787,High,0.26230098394958395,0.037403111696693914
Himachal Pradesh,2013,1264,35.1,41.6,45019,15796,0.755,0.796,0.698,0.776,58.605000000000004,33.025,99.045,65.985,6.39,94.22999999999999,97.25,0.10127223202584253,Low,0.12075422734725168,-0.01948199532140915
Jammu & Kashmir,2013,1364,36.9,37.2,59381,21926,0.733,0.792,0.674,0.736,53.565,45.795,96.45500000000001,49.114999999999995,5.55,81.755,91.83500000000001,0.10058163886269825,Low,0.14680711396760343,-0.046225475104905184
Punjab,2013,4854,81.6,78.9,199810,162996,0.757,0.794,0.725,0.753,63.879999999999995,25.974999999999998,97.765,52.795,6.109999999999999,85.88499999999999,89.075,0.32310543913360973,High,0.3095488263942012,0.013556612739408502
Rajasthan,2013,5359,92.6,102.9,176271,163166,0.629,0.74,0.608,0.554,41.09,64.63,75.935,37.77,3.8,81.475,78.445,0.3861378241270919,High,0.3499833586020413,0.03615446552505064
Arunachal Pradesh,2013,106,21.8,38.4,7011,1531,0.747,0.769,0.669,0.811,51.915,48.73,87.65,63.88,5.6899999999999995,74.355,86.96000000000001,0.0520050639962189,Low,0.05329335771386507,-0.0012882937176461676
Assam,2013,1749,37.2,37.2,76680,28525,0.651,0.731,0.563,0.67,33.665,76.68,50.15,6.055,5.8149999999999995,90.365,79.50999999999999,0.10877324736448339,Low,0.12553951451193085,-0.01676626714744746
Manipur,2013,111,28.6,30.2,5136,1466,0.775,0.809,0.679,0.846,51.025,51.095,93.47999999999999,39.32,8.705,76.305,95.91,0.05009726913931083,Low,0.0751060241972865,-0.025008755057975673
Meghalaya,2013,256,24.0,24.6,13653,3274,0.726,0.772,0.665,0.744,49.17,49.915,84.655,50.769999999999996,6.025,66.435,84.705,0.03596845168471459,Low,0.05682371570823596,-0.02085526402352137
Mizoram,2013,122,35.3,38.7,4148,1463,0.786,0.769,0.768,0.824,68.42,24.095,96.175,68.175,7.595,86.83500000000001,94.66,0.07568291573945363,Low,0.11290150743297592,-0.03721859169352229
Nagaland,2013,124,28.4,33.5,6344,1802,0.778,0.785,0.72,0.833,56.099999999999994,39.215,91.235,47.585,7.35,72.575,87.55,0.05551792688756531,Low,0.06541226540541172,-0.009894338517846407
Tripura,2013,301,32.8,35.7,11801,3872,0.701,0.787,0.586,0.748,38.61,75.155,79.175,17.14,5.9399999999999995,82.79499999999999,93.81,0.06989547422111476,Low,0.0866341732834777,-0.01673869906236293
Bihar,2013,4990,30.5,35.0,163491,49832,0.586,0.728,0.506,0.546,25.295,87.27,44.185,3.065,3.69,64.895,79.51,0.14865841069330946,Medium,0.13426373681723797,0.01439467387607149
Jharkhand,2013,2368,32.1,35.8,104079,33433,0.626,0.758,0.54,0.6,34.21,76.18,75.97,16.38,4.59,96.75,88.26,0.10935567414517207,Low,0.10633857178237535,0.003017102362796717
Odisha,2013,3558,46.3,50.9,142761,66158,0.618,0.734,0.543,0.592,29.64,81.125,59.28,12.87,4.390000000000001,89.06,80.46000000000001,0.18229137475150006,Medium,0.19762346665869412,-0.015332091907194062
Sikkim,2013,98,27.2,37.5,4942,1345,0.73,0.817,0.651,0.732,50.629999999999995,44.475,96.075,25.0,5.505,72.89,92.74000000000001,0.05949251270587781,Low,0.09460188583243205,-0.03510937312655424
West Bengal,2013,6402,62.0,63.3,435573,270101,0.657,0.784,0.571,0.633,35.77,72.82499999999999,64.67500000000001,20.65,4.984999999999999,85.07,82.1,0.31975680648118077,High,0.302829004160656,0.016927802320524765
Chhattisgarh,2013,1818,53.8,61.0,82869,44597,0.629,0.73,0.565,0.603,38.15,72.67,90.41,25.29,4.54,98.7,88.74,0.17986141962084543,Medium,0.1603856637700263,0.01947575585081912
Madhya Pradesh,2013,5085,58.2,57.4,198621,115667,0.615,0.709,0.562,0.582,33.51,76.275,77.15,19.98,4.165,81.995,84.75999999999999,0.24523614919805287,Medium,0.2708347546412029,-0.025598605443150013
Uttarakhand,2013,1586,34.8,37.3,65917,22966,0.707,0.777,0.641,0.709,51.55,45.41,94.02,59.52,5.49,96.66,96.27,0.10091141479215252,Low,0.09587146007396961,0.005039954718182901
Uttar Pradesh,2013,13092,44.1,53.0,511134,225169,0.609,0.689,0.545,0.601,32.2,77.77000000000001,50.22,10.37,4.425000000000001,78.39500000000001,82.005,0.3656139638457624,High,0.28387000293182896,0.08174396091393343
Dadra & Nagar Haveli*,2013,47,37.1,60.3,1974,732,0.758,0.81,0.662,0.811,59.12,23.92,100.0,53.0,8.1,100.0,94.68,0.1130229637179034,Medium,0.1409151822192137,-0.02789221850131031
Goa,2013,570,28.8,29.5,39781,11470,0.838,0.842,0.781,0.897,72.88499999999999,16.865000000000002,98.005,80.02000000000001,8.205,82.015,97.28,0.060056545240942914,Low,0.07181641501159629,-0.011759869770653374
Gujarat,2013,6084,72.8,81.5,358772,261277,0.696,0.765,0.67,0.659,54.230000000000004,41.129999999999995,92.66499999999999,69.53999999999999,5.5649999999999995,90.435,81.68,0.3554472642752188,High,0.29542216005579464,0.06002510421942414
Maharashtra,2013,10272,89.4,80.8,1778883,1590860,0.739,0.804,0.659,0.762,51.83,45.245000000000005,89.47999999999999,66.97999999999999,6.4399999999999995,86.545,89.515,0.7259722874936243,High,0.5953349049191032,0.13063738257452107
Andhra Pradesh,2013,9095,112.0,116.0,393440,440659,0.663,0.755,0.638,0.605,45.595,55.975,93.215,48.480000000000004,4.06,87.41499999999999,83.785,0.5438996803168608,High,0.42211041939398375,0.12178926092287701
Andhra Pradesh,2013,9095,112.0,116.0,393440,440659,0.703,0.792,0.678,0.647,45.595,55.975,93.215,48.480000000000004,4.06,87.41499999999999,83.785,0.5438996803168608,High,0.4281887428728375,0.11571093744402328
Karnataka,2013,7797,71.9,76.5,462223,332328,0.698,0.794,0.652,0.656,48.620000000000005,50.285,92.335,52.54,5.175,83.135,86.785,0.38700373371969576,High,0.38320550960523136,0.003798224114464399
Kerala,2013,5430,73.1,74.0,236698,173089,0.817,0.87,0.712,0.881,61.935,21.83,94.845,19.1,8.05,92.22,99.34,0.31298876431826117,High,0.24811245226366893,0.06487631205459224
Puducherry,2013,187,83.3,80.4,8231,6859,0.813,0.84,0.733,0.872,71.38,9.25,100.0,97.96,9.01,97.89,98.35,0.22889282546793424,Medium,0.17315538670546068,0.05573743876247356
Tamil Nadu,2013,8245,123.3,122.2,445526,549344,0.743,0.819,0.675,0.741,50.815,43.94,92.92,55.805,5.795,94.745,94.59,0.5790639605607061,High,0.5790186403710272,4.532018967884355e-05
Chandigarh,2014,408,120.0,122.4,48262,57897,0.785,0.824,0.732,0.802,60.46,27.46,100.0,53.96,5.66,93.18,93.2,0.3738123819208078,High,0.35153164779617896,0.02228073412462883
Delhi,2014,3255,103.7,105.1,814665,844416,0.808,0.809,0.751,0.868,71.71000000000001,13.165000000000001,99.42,78.50999999999999,8.25,88.28999999999999,91.04499999999999,0.5179777094740884,High,0.4012612739692119,0.11671643550487648
Haryana,2014,3962,78.1,88.5,193315,150886,0.745,0.788,0.707,0.743,56.370000000000005,39.78,94.745,51.235,5.48,85.94999999999999,89.33,0.31875738028399064,High,0.2725764758764312,0.04618090440755945
Himachal Pradesh,2014,1386,35.8,37.8,51993,18598,0.769,0.796,0.711,0.802,58.605000000000004,33.025,99.045,65.985,6.39,94.22999999999999,97.25,0.09888016071366759,Low,0.11863670356770328,-0.01975654285403569
Jammu & Kashmir,2014,1535,40.1,40.4,66557,26716,0.739,0.796,0.682,0.743,53.565,45.795,96.45500000000001,49.114999999999995,5.55,81.755,91.83500000000001,0.11492455893494839,Medium,0.15823484573589436,-0.043310286800945966
Punjab,2014,5547,79.1,81.3,230021,182003,0.769,0.798,0.737,0.773,63.879999999999995,25.974999999999998,97.765,52.795,6.109999999999999,85.88499999999999,89.075,0.33725556670214457,High,0.3247907598795831,0.012464806822561458
Rajasthan,2014,5907,87.1,91.4,201257,175331,0.646,0.748,0.62,0.581,41.09,64.63,75.935,37.77,3.8,81.475,78.445,0.3689975721513272,High,0.36059454840644084,0.008403023744886384
Arunachal Pradesh,2014,128,23.7,24.8,7525,1784,0.739,0.782,0.665,0.775,51.915,48.73,87.65,63.88,5.6899999999999995,74.355,86.96000000000001,0.03326942223048036,Low,0.06261455083295198,-0.02934512860247162
Assam,2014,1945,37.7,39.9,83840,31630,0.657,0.738,0.565,0.679,33.665,76.68,50.15,6.055,5.8149999999999995,90.365,79.50999999999999,0.11779588549458478,Medium,0.13817026060831675,-0.02037437511373197
Manipur,2014,134,33.6,34.0,5063,1701,0.773,0.814,0.659,0.86,51.025,51.095,93.47999999999999,39.32,8.705,76.305,95.91,0.06529759711088028,Low,0.07683585772845175,-0.011538260617571475
Meghalaya,2014,286,27.4,28.6,14583,3997,0.722,0.779,0.652,0.741,49.17,49.915,84.655,50.769999999999996,6.025,66.435,84.705,0.0489895910292642,Low,0.06072924799492749,-0.011739656965663287
Mizoram,2014,141,37.8,40.5,4715,1784,0.782,0.767,0.754,0.827,68.42,24.095,96.175,68.175,7.595,86.83500000000001,94.66,0.08330248694446586,Low,0.11287149341870073,-0.02956900647423487
Nagaland,2014,141,31.0,32.5,6544,2031,0.77,0.792,0.697,0.826,56.099999999999994,39.215,91.235,47.585,7.35,72.575,87.55,0.05862717794415978,Low,0.07115457038953235,-0.01252739244537257
Tripura,2014,354,32.4,32.5,13468,4365,0.707,0.796,0.589,0.753,38.61,75.155,79.175,17.14,5.9399999999999995,82.79499999999999,93.81,0.06487939458264524,Low,0.10117568578002732,-0.03629629119738208
Bihar,2014,5696,32.8,34.8,190434,62462,0.597,0.736,0.513,0.563,25.295,87.27,44.185,3.065,3.69,64.895,79.51,0.16595198568043712,Medium,0.14272527146909542,0.023226714211341704
Jharkhand,2014,2582,31.8,33.0,120341,38248,0.633,0.757,0.546,0.615,34.21,76.18,75.97,16.38,4.59,96.75,88.26,0.10927709044514841,Low,0.10617491752366577,0.0031021729214826405
Odisha,2014,3995,44.6,46.2,164629,73343,0.631,0.741,0.552,0.614,29.64,81.125,59.28,12.87,4.390000000000001,89.06,80.46000000000001,0.18052423511922344,Medium,0.19506747235514182,-0.014543237235918383
Sikkim,2014,113,26.5,37.3,5152,1364,0.747,0.82,0.676,0.752,50.629999999999995,44.475,96.075,25.0,5.505,72.89,92.74000000000001,0.05818456082608919,Low,0.09435601016179204,-0.03617144933570285
West Bengal,2014,6931,61.6,63.9,480108,295914,0.67,0.79,0.583,0.654,35.77,72.82499999999999,64.67500000000001,20.65,4.984999999999999,85.07,82.1,0.3344872246824492,High,0.3177676879291089,0.01671953675334026
Chhattisgarh,2014,2062,59.5,61.5,88500,52617,0.64,0.729,0.576,0.626,38.15,72.67,90.41,25.29,4.54,98.7,88.74,0.19526333805094942,Medium,0.16974372326946963,0.025519614781479794
Madhya Pradesh,2014,5601,60.4,63.3,224910,135788,0.628,0.717,0.573,0.604,33.51,76.275,77.15,19.98,4.165,81.995,84.75999999999999,0.2705686010231794,High,0.2865782337207182,-0.0160096326975388
Uttarakhand,2014,1739,35.6,36.7,76009,27094,0.721,0.775,0.654,0.738,51.55,45.41,94.02,59.52,5.49,96.66,96.27,0.10483442474575229,Low,0.09831211270672853,0.006522312039023759
Uttar Pradesh,2014,14694,44.6,48.0,597679,266630,0.621,0.694,0.557,0.621,32.2,77.77000000000001,50.22,10.37,4.425000000000001,78.39500000000001,82.005,0.39315363485123084,High,0.29465080234579505,0.09850283250543579
Dadra & Nagar Haveli*,2014,51,40.8,52.9,2251,919,0.748,0.809,0.655,0.789,59.12,23.92,100.0,53.0,8.1,100.0,94.68,0.10731804518671226,Low,0.1434706490345941,-0.03615260384788185
Goa,2014,632,28.7,30.2,45125,12939,0.839,0.845,0.777,0.899,72.88499999999999,16.865000000000002,98.005,80.02000000000001,8.205,82.015,97.28,0.06256933077001825,Low,0.07264294199136102,-0.010073611221342774
Gujarat,2014,6743,74.7,81.0,414792,309819,0.71,0.771,0.68,0.681,54.230000000000004,41.129999999999995,92.66499999999999,69.53999999999999,5.5649999999999995,90.435,81.68,0.37772845152094503,High,0.301988104941192,0.07574034657975304
Maharashtra,2014,11203,89.8,81.3,2028845,1821186,0.747,0.809,0.666,0.775,51.83,45.245000000000005,89.47999999999999,66.97999999999999,6.4399999999999995,86.545,89.515,0.790106191150955,High,0.5953349049191032,0.1947712862318518
Andhra Pradesh,2014,9900,111.3,115.9,440999,490843,0.676,0.761,0.647,0.628,45.595,55.975,93.215,48.480000000000004,4.06,87.41499999999999,83.785,0.5636953569341935,High,0.42409229512118535,0.13960306181300813
Andhra Pradesh,2014,9900,111.3,115.9,440999,490843,0.71,0.79,0.678,0.669,45.595,55.975,93.215,48.480000000000004,4.06,87.41499999999999,83.785,0.5636953569341935,High,0.42859460172850133,0.13510075520569215
Karnataka,2014,8625,71.0,76.5,536909,381438,0.713,0.802,0.658,0.687,48.620000000000005,50.285,92.335,52.54,5.175,83.135,86.785,0.4094894165605985,High,0.39680040938728434,0.01268900717331417
Kerala,2014,5858,67.7,67.8,281593,190557,0.826,0.872,0.727,0.891,61.935,21.83,94.845,19.1,8.05,92.22,99.34,0.30565570060702696,High,0.2424346339166567,0.06322106669037025
Puducherry,2014,205,77.9,80.8,9394,7314,0.814,0.838,0.731,0.881,71.38,9.25,100.0,97.96,9.01,97.89,98.35,0.22065876830198566,Medium,0.1716480518770121,0.049010716424973566
Tamil Nadu,2014,9090,121.8,120.6,499973,608742,0.753,0.824,0.679,0.765,50.815,43.94,92.92,55.805,5.795,94.745,94.59,0.5972482778700026,High,0.5835798757347227,0.013668402135279867
